epoch,cutting rate,train_time,test_time,model,train-loss,train-acc,test-loss,test-acc,auroc,aupr_success,aupr,fpr,aurc,eaurc,ece,nll,new_fpr
1,0.5,393.39286160469055,32.166017293930054,wrn,4.5007902681827545,2.2777777777777777,4.590523852539063,0.72,65.67774084519652,1.387886377124943,99.5410157985993,88.94037066881548,988.5568618608715,31.279316482184406,1.0366099886596203,45.90523719787598,0.0
