name,acc,auroc,aupr_success,aupr,fpr,aurc,eaurc,ece,nll,new_fpr
cifar100_wrn_infobatch_round1_tune,73.62,84.42970572612388,93.82842241839977,62.56134018980211,68.99166034874905,87.06049620967481,48.72429201667349,5.5626265704631805,11.056067943572998,69.14
cifar100_wrn_infobatch_round2_tune,73.72,84.53762322944772,93.87851928540243,62.60526922751737,68.45509893455099,86.38364592006873,48.353016329133524,5.3550031036138535,11.054409742355347,68.76
cifar100_wrn_infobatch_round3_tune,73.81,84.46944801516376,93.89381911550197,61.790646472056906,69.83581519663994,86.07047750899565,48.3137052133405,5.599557235836983,11.024672985076904,70.33
